ssmm_id	name	first_appearance_dttm	last_appearance_dttm	member_id	first_result_dttm	elected_flg	min_member_conv_no	max_member_conv_no	member_conv_list	member_conv_cnt	min_cand_conv_no	max_cand_conv_no	cand_conv_list	cand_conv_cnt	first_app_year_stream_no	last_app_year_stream_no	conv_1	conv_2	conv_3	conv_4	conv_5	conv_6	conv_7	conv_8	conv_9	conv_10	conv_11	manage_min_convocation_no	manage_max_convocation_no	manage_convocation_list	manage_convocation_cnt	position_list	position_cnt	honorary_award_date	honorary_flg	gender
1	Владыкина Вероника Евгеньевна	2012-02-25 23:16:00	2013-11-17 14:21:00	10.0	2012-03-07 02:03:00	1	1.0	3.0	[1, 2, 3]	3.0	1	3	[1, 2, 3]	3	3.1	5.1	3	4	5									1.0	2.0	[1, 2]	2.0	['Второй заместитель представителей в Студсовете МГУ', 'Координатор РГ «Образование»', 'Представитель в Учёном совете мехмата']	3.0	2014-11-29	1	female
2	Коновалов Антон Александрович	2012-02-25 23:16:00	2012-11-04 23:03:00	11.0	2012-03-07 02:03:00	1	1.0	2.0	[1, 2]	2.0	1	2	[1, 2]	2	3.2	4.2	3	4										1.0	1.0	[1]	1.0	['Координатор РГ «Трудоустройство»']	1.0		0	male
3	Ласкин Алексей Александрович	2012-02-25 23:16:00	2013-11-17 14:21:00	12.0	2012-03-07 02:03:00	1	1.0	3.0	[1, 3]	2.0	1	3	[1, 2, 3]	3	3.3	5.3	3		5																0	male
4	Малхасян Арамаис	2012-02-25 23:16:00	2012-02-25 23:16:00	13.0	2012-03-07 02:03:00	1	1.0	1.0	[1]	1.0	1	1	[1]	1	3.2	3.2	3																		0	male
5	Попов Леонид Андреевич	2012-02-25 23:16:00	2013-11-17 14:21:00	14.0	2012-03-07 02:03:00	1	1.0	3.0	[1, 2, 3]	3.0	1	3	[1, 2, 3]	3	3.1	5.1	3	4	5									1.0	2.0	[1, 2]	2.0	['Заместитель председателя', 'Координатор РГ «Спорт и праздники»']	2.0	2014-11-29	1	male
6	Самонов Алексей Александрович	2012-02-25 23:16:00	2013-11-17 14:21:00	15.0	2012-03-07 02:03:00	1	1.0	3.0	[1, 3]	2.0	1	3	[1, 3]	2	3.3	5.3	3		5																0	male
7	Сапунов Кирилл Вячеславович	2012-02-25 23:16:00	2013-11-17 14:21:00	16.0	2012-03-07 02:03:00	1	1.0	3.0	[1, 2, 3]	3.0	1	3	[1, 2, 3]	3	3.3	5.3	3	4	5									1.0	3.0	[1, 2, 3]	3.0	['Первый представитель в Студсовете МГУ', 'Координатор РГ «Оповещение»', 'Председатель', 'Второй представитель в Студсовете МГУ']	4.0	2014-11-29	1	male
8	Тропин Александр Михайлович	2012-02-25 23:16:00	2016-10-23 20:18:00	17.0	2012-03-07 02:03:00	1	1.0	6.0	[1, 2, 6]	3.0	1	6	[1, 2, 6]	3	3.2	m1	3	4				m1						1.0	2.0	[1, 2]	2.0	['Координатор РГ «Разработка Устава и Положения»', 'Первый заместитель представителей в Студсовете МГУ', 'Секретарь', 'Второй представитель в Студсовете МГУ']	4.0	2014-11-29	1	male
9	Аканаев Тимур Рашитович	2012-02-25 23:49:00	2012-02-25 23:49:00	1.0	2012-02-28 22:34:00	1	1.0	1.0	[1]	1.0	1	1	[1]	1	2.3	2.3	2																		0	male
10	Асташов Дмитрий Сергеевич	2012-02-25 23:49:00	2012-11-04 22:31:00	2.0	2012-02-28 22:34:00	1	1.0	2.0	[1, 2]	2.0	1	2	[1, 2]	2	2.2	3.2	2	3										1.0	1.0	[1]	1.0	['Заместитель председателя']	1.0		0	male
11	Валиев Зураб Владимирович	2012-02-25 23:49:00	2012-02-25 23:49:00			0					1	1	[1]	1	2.1	2.1																			0	male
12	Гильманов Роман Павлович	2012-02-25 23:49:00	2012-02-25 23:49:00	3.0	2012-02-28 22:34:00	1	1.0	1.0	[1]	1.0	1	1	[1]	1	2.1	2.1	2																		0	male
13	Глухова Алёна Олеговна	2012-02-25 23:49:00	2012-02-25 23:49:00	4.0	2012-02-28 22:34:00	1	1.0	1.0	[1]	1.0	1	1	[1]	1	2.3	2.3	2																		0	female
14	Костицын Александр Алексеевич	2012-02-25 23:49:00	2012-11-04 22:31:00	5.0	2012-02-28 22:34:00	1	1.0	2.0	[1, 2]	2.0	1	2	[1, 2]	2	2.2	3.1	2	3																	0	male
15	Матвеев Алексей Викторович	2012-02-25 23:49:00	2014-11-18 23:45:00	6.0	2012-02-28 22:34:00	1	1.0	4.0	[1, 2, 3, 4]	4.0	1	4	[1, 2, 3, 4]	4	2.1	5.1	2	3	4	5								3.0	4.0	[3, 4]	2.0	['Второй представитель в Студсовете МГУ', 'Первый представитель в Студсовете МГУ', 'Председатель']	3.0	2015-10-31	1	male
16	Оджаев Рахмет Курбандурдыевич	2012-02-25 23:49:00	2014-11-20 00:04:00	53.0	2012-11-19 16:13:00	1	2.0	4.0	[2, 4]	2.0	1	4	[1, 2, 4]	3	2.3	5.3		3		5															0	male
17	Осин Руслан Владимирович	2012-02-25 23:49:00	2013-11-17 14:24:00	7.0	2012-02-28 22:34:00	1	1.0	3.0	[1, 2, 3]	3.0	1	3	[1, 2, 3]	3	2.2	4.1	2	3	4									2.0	3.0	[2, 3]	2.0	['Первый заместитель представителей в Студсовете МГУ', 'Координатор РГ «Работа с партнёрами»', 'Координатор РГ «Трудоустройство»']	3.0		0	male
18	Харлашин Владимир Сергеевич	2012-02-25 23:49:00	2012-02-25 23:49:00	8.0	2012-02-28 22:34:00	1	1.0	1.0	[1]	1.0	1	1	[1]	1	2.3	2.3	2																		0	male
19	Шариков Алексей Анатольевич	2012-02-25 23:49:00	2013-11-17 14:24:00	9.0	2012-02-28 22:34:00	1	1.0	3.0	[1, 3]	2.0	1	3	[1, 3]	2	2.1	4.4	2		4																0	male
20	Абдуллаева Эмилия Табриз кызы	2012-02-25 23:52:00	2012-11-04 22:32:00	18.0	2012-03-07 18:55:00	1	1.0	2.0	[1, 2]	2.0	1	2	[1, 2]	2	4.1	5.1	4	5																	0	female
21	Артамонова Мария Владимировна	2012-02-25 23:52:00	2012-02-25 23:52:00	19.0	2012-03-07 18:55:00	1	1.0	1.0	[1]	1.0	1	1	[1]	1	4.1	4.1	4																		0	female
22	Громов Иван Михайлович	2012-02-25 23:52:00	2012-02-25 23:52:00	20.0	2012-03-07 18:55:00	1	1.0	1.0	[1]	1.0	1	1	[1]	1	4.3	4.3	4																		0	male
23	Котляров Никита Владимирович	2012-02-25 23:52:00	2012-11-04 22:32:00	21.0	2012-03-07 18:55:00	1	1.0	2.0	[1, 2]	2.0	1	2	[1, 2]	2	4.2	5.2	4	5										1.0	2.0	[1, 2]	2.0	['Первый представитель в Студсовете МГУ', 'Председатель', 'Координатор РГ «Бытовые вопросы»']	3.0	2014-11-29	1	male
24	Савелов Максим Павлович	2012-02-25 23:52:00	2012-02-25 23:52:00	22.0	2012-03-07 18:55:00	1	1.0	1.0	[1]	1.0	1	1	[1]	1	4.2	4.2	4																		0	male
25	Удимов Даниил Алексеевич	2012-02-25 23:52:00	2012-11-04 22:32:00	23.0	2012-03-07 18:55:00	1	1.0	2.0	[1, 2]	2.0	1	2	[1, 2]	2	4.2	5.2	4	5																	0	male
26	Ульмаскулов Рамиль	2012-02-25 23:52:00	2012-02-25 23:52:00			0					1	1	[1]	1	4.1	4.1																			0	male
27	Цылин Иван Вячеславович	2012-02-25 23:52:00	2012-02-25 23:52:00	25.0	2012-03-07 18:55:00	1	1.0	1.0	[1]	1.0	1	1	[1]	1	4.1	4.1	4																		0	male
28	Чернодед Антон Игоревич	2012-02-25 23:52:00	2012-11-04 22:32:00	26.0	2012-03-07 18:55:00	1	1.0	2.0	[1, 2]	2.0	1	2	[1, 2]	2	4.3	5.3	4	5																	0	male
29	Власов Артем Андреевич	2012-02-26 00:16:00	2012-11-04 22:31:00	27.0	2012-03-07 20:55:00	1	1.0	2.0	[1, 2]	2.0	1	2	[1, 2]	2	1.2	2.2	1	2																	0	male
30	Кириллова Полина	2012-02-26 00:16:00	2012-02-26 00:16:00	28.0	2012-03-07 20:55:00	1	1.0	1.0	[1]	1.0	1	1	[1]	1	1.2	1.2	1																		0	female
31	Кузнецова Алёна	2012-02-26 00:16:00	2012-02-26 00:16:00	29.0	2012-03-07 20:55:00	1	1.0	1.0	[1]	1.0	1	1	[1]	1	1.2	1.2	1																		0	female
32	Кунденко Вадим	2012-02-26 00:16:00	2012-02-26 00:16:00			0					1	1	[1]	1	1.3	1.3																			0	male
33	Левин Андрей	2012-02-26 00:16:00	2012-02-26 00:16:00	30.0	2012-03-07 20:55:00	1	1.0	1.0	[1]	1.0	1	1	[1]	1	1.1	1.1	1																		0	male
34	Матвеев Дмитрий Александрович	2012-02-26 00:16:00	2015-10-15 01:32:00	31.0	2012-03-07 20:55:00	1	1.0	5.0	[1, 2, 3, 4, 5]	5.0	1	5	[1, 2, 3, 4, 5]	5	1.1	5.1	1	2	3	4	5							2.0	4.0	[2, 3, 4]	3.0	['Координатор РГ «Распределение стипендий»', 'Координатор РГ «Оповещение»']	2.0		0	male
35	Медведева Яна Григорьевна	2012-02-26 00:16:00	2013-11-17 14:31:00	32.0	2012-03-07 20:55:00	1	1.0	3.0	[1, 3]	2.0	1	3	[1, 2, 3]	3	1.3	3.3	1		3									3.0	3.0	[3]	1.0	['Координатор РГ «Образование»']	1.0		0	female
36	Сафина Диана Ураловна	2012-02-26 00:16:00	2012-11-04 22:31:00	33.0	2012-03-07 20:55:00	1	1.0	1.0	[1]	1.0	1	2	[1, 2]	2	1.3	2.3	1																		0	female
37	Семенов Павел	2012-02-26 00:16:00	2012-02-26 00:16:00			0					1	1	[1]	1	1.2	1.2																			0	male
38	Скобенникова Юлия	2012-02-26 00:16:00	2012-02-26 00:16:00			0					1	1	[1]	1	1.3	1.3																			0	female
39	Тишин Павел Владимирович	2012-02-26 00:16:00	2012-11-04 22:31:00	34.0	2012-03-07 20:55:00	1	1.0	2.0	[1, 2]	2.0	1	2	[1, 2]	2	1.3	2.3	1	2																	0	male
40	Федорова Елена Игоревна	2012-03-07 18:55:00	2012-11-04 22:32:00	24.0	2012-03-07 18:55:00	1	1.0	2.0	[1, 2]	2.0	1	2	[1, 2]	2	4.4	5.4	4	5																	0	female
41	Буряк Анна Андреевна	2012-03-14 00:47:00	2013-11-17 14:16:00	35.0	2012-03-15 16:45:00	1	1.0	3.0	[1, 3]	2.0	1	3	[1, 3]	2	5.3	m1	5		m1																0	female
42	Дубровин Григорий Анатольевич	2012-03-14 00:47:00	2012-03-14 00:47:00	36.0	2012-03-15 16:45:00	1	1.0	1.0	[1]	1.0	1	1	[1]	1	5.3	5.3	5																		0	male
43	Миценко Вадим Валериевич	2012-03-14 00:47:00	2012-03-14 00:47:00	37.0	2012-03-15 16:45:00	1	1.0	1.0	[1]	1.0	1	1	[1]	1	5.2	5.2	5																		0	male
44	Савушкин Никита Максимович	2012-03-14 00:47:00	2012-03-14 00:47:00	38.0	2012-03-15 16:45:00	1	1.0	1.0	[1]	1.0	1	1	[1]	1	5.2	5.2	5											1.0	1.0	[1]	1.0	['Второй представитель в Студсовете МГУ']	1.0		0	male
45	Хисматуллина Марина Рашитовна	2012-03-14 00:47:00	2012-03-14 00:47:00	39.0	2012-03-15 16:45:00	1	1.0	1.0	[1]	1.0	1	1	[1]	1	5.1	5.1	5																		0	female
46	Штейников Юрий Николаевич	2012-03-14 00:47:00	2012-03-14 00:47:00	40.0	2012-03-15 16:45:00	1	1.0	1.0	[1]	1.0	1	1	[1]	1	5.1	5.1	5																		0	male
47	Антонов Сергей Валентинович	2012-11-04 22:31:00	2014-11-18 01:28:00	42.0	2012-11-19 16:13:00	1	2.0	4.0	[2, 3, 4]	3.0	2	4	[2, 3, 4]	3	3.2	5.2		3	4	5								3.0	3.0	[3]	1.0	['Координатор РГ «Спорт»']	1.0		0	male
48	Багров Константин Владимирович	2012-11-04 22:31:00	2012-11-04 22:31:00	43.0	2012-11-19 16:13:00	1	2.0	2.0	[2]	1.0	2	2	[2]	1	2.3	2.3		2																	0	male
49	Быстрицкая Василина Васильевна	2012-11-04 22:31:00	2014-11-16 21:59:00	44.0	2012-11-19 16:13:00	1	2.0	4.0	[2, 3, 4]	3.0	2	4	[2, 3, 4]	3	2.3	4.3		2	3	4								3.0	4.0	[3, 4]	2.0	['Координатор РГ «Праздники»', 'Заместитель председателя']	2.0		0	female
50	Ванунц Арсений Ашотович	2012-11-04 22:31:00	2012-11-04 22:31:00			0					2	2	[2]	1	1.2	1.2																			0	male
51	Ватутин Кирилл Александрович	2012-11-04 22:31:00	2013-11-17 14:36:00	45.0	2012-11-19 16:13:00	1	2.0	3.0	[2, 3]	2.0	2	3	[2, 3]	2	1.3	2.3		1	2									2.0	3.0	[2, 3]	2.0	['Второй заместитель представителей в Студсовете МГУ']	1.0		0	male
52	Габидов Александр Сергеевич	2012-11-04 22:31:00	2012-11-04 22:31:00	46.0	2012-11-19 16:13:00	1	2.0	2.0	[2]	1.0	2	2	[2]	1	1.1	1.1		1																	0	male
53	Дяченко Мария Игоревна	2012-11-04 22:31:00	2014-11-24 22:23:00	48.0	2012-11-19 16:13:00	1	2.0	4.0	[2, 3, 4]	3.0	2	4	[2, 3, 4]	3	1.1	3.1		1	2	3								3.0	4.0	[3, 4]	2.0	['Секретарь']	1.0		0	female
54	Курикша Артем Анатольевич	2012-11-04 22:31:00	2012-11-04 22:31:00	49.0	2012-11-19 16:13:00	1	2.0	2.0	[2]	1.0	2	2	[2]	1	2.2	2.2		2																	0	male
55	Лавров Василий Алексеевич	2012-11-04 22:31:00	2012-11-04 22:31:00	50.0	2012-11-19 16:13:00	1	2.0	2.0	[2]	1.0	2	2	[2]	1	3.4	3.4		3																	0	male
56	Никифоров Сергей Игоревич	2012-11-04 22:31:00	2012-11-04 22:31:00	52.0	2012-11-19 16:13:00	1	2.0	2.0	[2]	1.0	2	2	[2]	1	1.3	1.3		1																	0	male
57	Николаева Наталия Михайловна	2012-11-04 22:31:00	2012-11-04 22:31:00			0					2	2	[2]	1	1.1	1.1																			0	female
58	Остроухова Наталья Владимировна	2012-11-04 22:31:00	2016-10-18 00:18:00	54.0	2012-11-19 16:13:00	1	2.0	6.0	[2, 3, 4, 5, 6]	5.0	2	6	[2, 3, 4, 5, 6]	5	1.1	5.1		1	2	3	4	5													0	female
59	Смелов Владимир Павлович	2012-11-04 22:31:00	2012-11-04 22:31:00	56.0	2012-11-19 16:13:00	1	2.0	2.0	[2]	1.0	2	2	[2]	1	3.3	3.3		3																	0	male
60	Тулякова Анна Владимировна	2012-11-04 22:31:00	2014-11-16 21:54:00	58.0	2012-11-19 16:13:00	1	2.0	4.0	[2, 4]	2.0	2	4	[2, 4]	2	2.2	4.1		2		4															0	female
61	Морозов Сергей Сергеевич	2012-11-04 22:32:00	2015-10-25 23:50:00	51.0	2012-11-19 16:13:00	1	2.0	5.0	[2, 3, 4, 5]	4.0	2	5	[2, 3, 4, 5]	4	m1	m1		m1	m2	m1	m1							5.0	5.0	[5]	1.0	['Первый заместитель представителей в Студсовете МГУ']	1.0	2016-11-12	1	male
62	Акушевич Андрей Дмитриевич	2012-11-04 23:03:00	2012-11-04 23:03:00	41.0	2012-11-19 16:13:00	1	2.0	2.0	[2]	1.0	2	2	[2]	1	4.3	4.3		4																	0	male
63	Дьяков Павел Александрович	2012-11-04 23:03:00	2012-11-04 23:03:00	47.0	2012-11-19 16:13:00	1	2.0	2.0	[2]	1.0	2	2	[2]	1	4.3	4.3		4																	0	male
64	Сергеева Элина Александровна	2012-11-04 23:03:00	2013-11-17 14:21:00	55.0	2012-11-19 16:13:00	1	2.0	3.0	[2, 3]	2.0	2	3	[2, 3]	2	4.2	5.2		4	5																0	female
65	Тен Анна Бенхиевна	2012-11-04 23:03:00	2013-11-17 14:21:00	57.0	2012-11-19 16:13:00	1	2.0	3.0	[2, 3]	2.0	2	3	[2, 3]	2	4.3	5.3		4	5									2.0	2.0	[2]	1.0	['Координатор РГ «Спорт и праздники»']	1.0	2014-11-29	1	female
66	Короткин Виталий Владимирович	2013-11-17 14:16:00	2013-11-17 14:16:00	70.0	2013-12-10 01:46:00	1	3.0	3.0	[3]	1.0	3	3	[3]	1	m1	m1			m1									3.0	3.0	[3]	1.0	"['Координатор РГ «Проблемы общежитий (сектор ""Б"", ФДС)»']"	1.0		0	male
67	Антонова Ольга Юрьевна	2013-11-17 14:21:00	2013-11-17 14:21:00	61.0	2013-12-10 01:46:00	1	3.0	3.0	[3]	1.0	3	3	[3]	1	5.1	5.1			5																0	female
68	Куркотов Вадим Александрович	2013-11-17 14:24:00	2013-11-17 14:24:00	71.0	2013-12-10 01:46:00	1	3.0	3.0	[3]	1.0	3	3	[3]	1	4.1	4.1			4																0	male
69	Митькина Мария Александровна	2013-11-17 14:24:00	2014-11-18 01:28:00	73.0	2013-12-10 01:46:00	1	3.0	4.0	[3, 4]	2.0	3	4	[3, 4]	2	4.2	5.2			4	5								3.0	4.0	[3, 4]	2.0	"['Первый заместитель представителей в Студсовете МГУ', 'Координатор РГ «Бытовые вопросы (сектор ""А"", экология)»']"	2.0	2015-10-31	1	female
70	Ольшевская Полина Игоревна	2013-11-17 14:24:00	2013-11-17 14:24:00	74.0	2013-12-10 01:46:00	1	3.0	3.0	[3]	1.0	3	3	[3]	1	4.3	4.3			4																0	female
71	Садрисламов Алмаз Уралович	2013-11-17 14:24:00	2013-11-17 14:24:00	76.0	2013-12-10 01:46:00	1	3.0	3.0	[3]	1.0	3	3	[3]	1	4.3	4.3			4																0	male
72	Селиверстова Елизавета Павловна	2013-11-17 14:24:00	2013-11-17 14:24:00	77.0	2013-12-10 01:46:00	1	3.0	3.0	[3]	1.0	3	3	[3]	1	4.3	4.3			4																0	female
73	Скопинцев Алексей Владимирович	2013-11-17 14:24:00	2013-11-17 14:24:00			0					3	3	[3]	1	4.1	4.1																			0	male
74	Андреев Максим Александрович	2013-11-17 14:31:00	2013-11-17 14:31:00	60.0	2013-12-10 01:46:00	1	3.0	3.0	[3]	1.0	3	3	[3]	1	3.1	3.1			3																0	male
75	Борисов Василий Александрович	2013-11-17 14:31:00	2014-11-16 21:56:00	63.0	2013-12-10 01:46:00	1	3.0	4.0	[3, 4]	2.0	3	4	[3, 4]	2	3.2	4.2			3	4															0	male
76	Бунеев Артём Валерьевич	2013-11-17 14:31:00	2014-11-16 21:56:00	64.0	2013-12-10 01:46:00	1	3.0	4.0	[3, 4]	2.0	3	4	[3, 4]	2	3.2	4.2			3	4															0	male
77	Заболотский Леонид Дмитриевич	2013-11-17 14:31:00	2013-11-17 14:31:00			0					3	3	[3]	1	3.4	3.4																			0	male
78	Хамматова Гульназ Марселевна	2013-11-17 14:31:00	2013-11-17 14:31:00	80.0	2013-12-10 01:46:00	1	3.0	3.0	[3]	1.0	3	3	[3]	1	3.2	3.2			3																0	female
79	Хасанов Рафаэль Ильгизович	2013-11-17 14:31:00	2017-10-09 22:45:00	81.0	2013-12-10 01:46:00	1	3.0	7.0	[3, 6, 7]	3.0	3	7	[3, 6, 7]	3	3.4	6.4			3			5	6												0	male
80	Глунчадзе Ираклий Вахтангович	2013-11-17 14:36:00	2016-10-18 00:01:00	66.0	2013-12-10 01:46:00	1	3.0	6.0	[3, 4, 5, 6]	4.0	3	6	[3, 4, 5, 6]	4	2.2	5.2			2	3	4	5						4.0	6.0	[4, 5, 6]	3.0	['Координатор РГ «Распределение стипендий»', 'Первый представитель в Студсовете МГУ', 'Председатель', 'Координатор РГ «Оповещение»']	4.0	2018-12-14	1	male
81	Локтионов Фёдор Михайлович	2013-11-17 14:36:00	2013-11-17 14:36:00	72.0	2013-12-10 01:46:00	1	3.0	3.0	[3]	1.0	3	3	[3]	1	2.1	2.1			2																0	male
82	Савченко Анастасия Игоревна	2013-11-17 14:36:00	2017-10-08 22:17:00	75.0	2013-12-10 01:46:00	1	3.0	7.0	[3, 4, 5, 6, 7]	5.0	3	7	[3, 4, 5, 6, 7]	5	2.3	6.3			2	3	4	5	6												0	female
83	Ариас-Альварес Владимир Владимирович	2013-11-17 14:42:00	2015-10-20 01:14:00	62.0	2013-12-10 01:46:00	1	3.0	3.0	[3]	1.0	3	5	[3, 5]	2	1.3	1.3			1																0	male
84	Бурнус Артём Владимирович	2013-11-17 14:42:00	2013-11-17 14:42:00	65.0	2013-12-10 01:46:00	1	3.0	3.0	[3]	1.0	3	3	[3]	1	1.1	1.1			1																0	male
85	Григорьев Иван Сергеевич	2013-11-17 14:42:00	2013-11-17 14:42:00	67.0	2013-12-10 01:46:00	1	3.0	3.0	[3]	1.0	3	3	[3]	1	1.3	1.3			1																0	male
86	Денисов Илья Олегович	2013-11-17 14:42:00	2018-10-18 22:09:00	68.0	2013-12-10 01:46:00	1	3.0	8.0	[3, 4, 5, 6, 7, 8]	6.0	3	8	[3, 4, 5, 6, 7, 8]	6	1.2	6.2			1	2	3	4	5	6				4.0	8.0	[4, 5, 6, 7, 8]	5.0	['Второй представитель в Студсовете МГУ', 'Первый представитель в Студсовете МГУ', 'Координатор РГ «Бытовые вопросы»', 'Заместитель председателя', 'Председатель']	5.0	2019-12-16	1	male
87	Дорман Елена Вячеславовна	2013-11-17 14:42:00	2014-11-13 21:40:00	69.0	2013-12-10 01:46:00	1	3.0	4.0	[3, 4]	2.0	3	4	[3, 4]	2	1.3	2.3			1	2								4.0	4.0	[4]	1.0	['Координатор РГ «Праздники»']	1.0		0	female
88	Изимова Анна Мирбулатовна	2013-11-17 14:42:00	2013-11-17 14:42:00			0					3	3	[3]	1	1.2	1.2																			0	female
89	Корно Дмитрий Сергеевич	2013-11-17 14:42:00	2013-11-17 14:42:00			0					3	3	[3]	1	1.2	1.2																			0	male
90	Суркова Анастасия Юрьевна	2013-11-17 14:42:00	2016-10-20 23:08:00	78.0	2013-12-10 01:46:00	1	3.0	6.0	[3, 4, 5, 6]	4.0	3	6	[3, 4, 5, 6]	4	1.2	4.2			1	2	3	4						5.0	5.0	[5]	1.0	['Второй заместитель представителей в Студсовете МГУ', 'Координатор РГ «Праздники»']	2.0	2019-12-16	1	female
91	Тюрина Татьяна Игоревна	2013-11-17 14:42:00	2015-10-13 00:56:00	79.0	2013-12-10 01:46:00	1	3.0	5.0	[3, 4, 5]	3.0	3	5	[3, 4, 5]	3	1.2	3.1			1	2	3							4.0	5.0	[4, 5]	2.0	['Координатор РГ «Работа с партнёрами»']	1.0	2019-12-16	1	female
92	Чистяков Михаил Сергеевич	2013-11-17 14:42:00	2013-11-17 14:42:00			0					3	3	[3]	1	1.2	1.2																			0	male
93	Алекберов Ибрагим Рустамович	2013-12-10 01:46:00	2013-12-10 01:46:00	59.0	2013-12-10 01:46:00	1	3.0	3.0	[3]	1.0	3	3	[3]	1	1.1	1.1			1																0	male
94	Оськин Александр Андреевич	2014-11-13 21:40:00	2014-11-13 21:40:00	82.0	2014-11-17 21:21:00	1	4.0	4.0	[4]	1.0	4	4	[4]	1	2.3	2.3				2															0	male
95	Хапкин Артём Владимирович	2014-11-16 21:54:00	2014-11-16 21:54:00	83.0	2014-11-21 21:45:00	1	4.0	4.0	[4]	1.0	4	4	[4]	1	4.1	4.1				4															0	male
96	Мамедов Рамин Кямран Оглы	2014-11-16 21:59:00	2015-10-21 22:46:00	84.0	2014-11-21 22:00:00	1	4.0	5.0	[4, 5]	2.0	4	5	[4, 5]	2	4.3	5.3				4	5														0	male
97	Мылзенова Дарима Баировна	2014-11-18 01:28:00	2014-11-18 01:28:00	85.0	2014-11-21 22:05:00	1	4.0	4.0	[4]	1.0	4	4	[4]	1	5.2	5.2				5															0	female
98	Чеботаева Виктория Алексеевна	2014-11-18 01:42:00	2014-11-18 01:42:00	86.0	2014-11-21 22:10:00	1	4.0	4.0	[4]	1.0	4	4	[4]	1	3.4	3.4				3															0	female
99	Змиевский Леонид Вячеславович	2014-11-18 23:10:00	2017-10-24 23:26:00	87.0	2014-11-21 22:15:00	1	4.0	7.0	[4, 5, 6, 7]	4.0	4	7	[4, 5, 6, 7]	4	1.1	3.1				1	2	3	3					7.0	7.0	[7]	1.0	['Координатор РГ «Работа с партнёрами»']	1.0		0	male
100	Карякин Игорь Андреевич	2014-11-18 23:10:00	2014-11-18 23:10:00			0					4	4	[4]	1	1.1	1.1																			0	male
101	Мизраки Вячеслав Алексеевич	2014-11-18 23:10:00	2014-11-18 23:10:00	88.0	2014-11-21 22:15:00	1	4.0	4.0	[4]	1.0	4	4	[4]	1	1.1	1.1				1															0	male
102	Нечаев Никита Сергеевич	2014-11-18 23:10:00	2015-10-14 00:32:00	109.0	2015-10-14 22:39:00	1	5.0	5.0	[5]	1.0	4	5	[4, 5]	2	1.1	2.1					2														0	male
103	Таибов Али Зайнудин Гусейнович	2014-11-18 23:10:00	2014-11-18 23:10:00			0					4	4	[4]	1	1.1	1.1																			0	male
104	Яшин Ростислав Игоревич	2014-11-18 23:10:00	2014-11-18 23:10:00	89.0	2014-11-21 22:15:00	1	4.0	4.0	[4]	1.0	4	4	[4]	1	1.1	1.1				1															0	male
105	Ламтюгин Алексей Валерьевич	2014-11-18 23:45:00	2014-11-18 23:45:00	90.0	2014-11-21 22:20:00	1	4.0	4.0	[4]	1.0	4	4	[4]	1	5.1	5.1				5															0	male
106	Краснова Анастасия Александровна	2014-11-19 21:07:00	2019-10-14 23:37:00	92.0	2014-11-21 22:25:00	1	4.0	9.0	[4, 5, 6, 7, 8, 9]	6.0	4	9	[4, 5, 6, 7, 8, 9]	6	1.2	6.4				1	2	3	4	5	6			8.0	8.0	[8]	1.0	['Координатор РГ «Оповещение»']	1.0	2020-11-14	1	female
107	Нагорных Яна Валерьевна	2014-11-19 21:07:00	2016-10-20 00:58:00	93.0	2014-11-21 22:25:00	1	4.0	6.0	[4, 5, 6]	3.0	4	6	[4, 5, 6]	3	1.2	3.2				1	2	3						6.0	6.0	[6]	1.0	['Координатор РГ «Образование»']	1.0		0	female
108	Белов Александр Игоревич	2014-11-19 21:12:00	2014-11-19 21:12:00	94.0	2014-11-21 22:30:00	1	4.0	4.0	[4]	1.0	4	4	[4]	1	4.4	4.4				4															0	male
109	Коварский Артём Евгеньевич	2014-11-20 23:59:00	2014-11-20 23:59:00	91.0	2014-11-21 22:25:00	1	4.0	4.0	[4]	1.0	4	4	[4]	1	1.2	1.2				1															0	male
110	Лапина Софья Михайловна	2014-11-20 23:59:00	2016-10-24 22:34:00	152.0	2016-10-31 20:50:00	1	6.0	6.0	[6]	1.0	4	6	[4, 5, 6]	3	1.2	3.1						3													0	female
111	Броницкий Георгий Тимурович	2014-11-21 01:42:00	2014-11-21 01:42:00	95.0	2014-11-21 22:35:00	1	4.0	4.0	[4]	1.0	4	4	[4]	1	1.3	1.3				1															0	male
112	Лучкина Анна Дмитриевна	2014-11-21 01:42:00	2014-11-21 01:42:00			0					4	4	[4]	1	1.3	1.3																			0	female
113	Муравьёва Анна Сергеевна	2014-11-21 01:42:00	2019-10-14 23:46:00	96.0	2014-11-21 22:35:00	1	4.0	9.0	[4, 5, 6, 7, 8, 9]	6.0	4	9	[4, 5, 6, 7, 8, 9]	6	1.3	6.3				1	2	3	4	5	6			6.0	6.0	[6]	1.0	['Координатор РГ «Праздники»']	1.0	2020-11-14	1	female
114	Чернова Анна Александровна	2014-11-21 01:42:00	2016-10-19 01:09:00	111.0	2015-10-14 23:54:00	1	5.0	6.0	[5, 6]	2.0	4	6	[4, 5, 6]	3	1.3	3.3					2	3						6.0	6.0	[6]	1.0	['Секретарь']	1.0		0	female
115	Чидякина Ольга Олеговна	2014-11-21 01:42:00	2016-10-19 01:09:00	97.0	2014-11-21 22:35:00	1	4.0	6.0	[4, 5, 6]	3.0	4	6	[4, 5, 6]	3	1.3	3.3				1	2	3													0	female
116	Волчанский Андрей Петрович	2014-11-23 22:43:00	2015-10-16 01:10:00	98.0	2014-11-25 21:42:00	1	4.0	5.0	[4, 5]	2.0	4	5	[4, 5]	2	3.3	4.3				3	4														0	male
117	Подкользина Евгения Борисовна	2014-11-23 22:43:00	2015-10-16 01:10:00	99.0	2014-11-25 21:42:00	1	4.0	5.0	[4, 5]	2.0	4	5	[4, 5]	2	3.3	4.3				3	4							5.0	5.0	[5]	1.0	['Координатор РГ «Распределение стипендий»']	1.0		0	female
118	Аленина Анастасия Николаевна	2014-11-24 22:23:00	2014-11-24 22:23:00			0					4	4	[4]	1	3.1	3.1																			0	female
119	Вергазов Марат Марсович	2014-11-25 23:24:00	2014-11-25 23:24:00	101.0	2014-11-25 23:24:00	1	4.0	4.0	[4]	1.0	4	4	[4]	1	m2	m2				m2															0	male
120	Думаревский Александр Дмитриевич	2014-11-25 23:59:00	2016-10-18 00:18:00	100.0	2014-11-25 21:43:00	1	4.0	5.0	[4, 5]	2.0	4	6	[4, 5, 6]	3	3.1	5.1				3	4														0	male
121	Аседова Елизавета Виталиевна	2014-11-26 00:00:00	2014-11-26 00:00:00			0					4	4	[4]	1	2.1	2.1																			0	female
122	Бахметьева Марина Игоревна	2014-11-26 00:00:00	2016-10-26 22:45:00	107.0	2015-10-14 22:05:00	1	5.0	5.0	[5]	1.0	4	6	[4, 5, 6]	3	2.1	4.1					3														0	female
123	Гордеева Мария Алексеевна	2014-11-26 00:00:00	2014-11-26 00:00:00			0					4	4	[4]	1	2.1	2.1																			0	female
124	Горшков Кирилл Игоревич	2014-11-26 00:00:00	2014-11-26 00:00:00			0					4	4	[4]	1	2.1	2.1																			0	male
125	Кондрашкин Степан Сергеевич	2014-11-26 00:00:00	2014-11-26 00:00:00	102.0	2014-11-27 23:15:00	1	4.0	4.0	[4]	1.0	4	4	[4]	1	2.1	2.1				2															0	male
126	Остросаблина Ольга Фёдоровна	2014-11-26 00:00:00	2014-11-26 00:00:00	103.0	2014-11-27 23:15:00	1	4.0	4.0	[4]	1.0	4	4	[4]	1	2.1	2.1				2															0	female
127	Шведов Константин Анатольевич	2014-11-26 00:00:00	2015-10-16 01:20:00	104.0	2014-11-27 23:15:00	1	4.0	5.0	[4, 5]	2.0	4	5	[4, 5]	2	2.1	3.2				2	3							4.0	5.0	[4, 5]	2.0	['Второй представитель в Студсовете МГУ', 'Второй заместитель представителей в Студсовете МГУ', 'Координатор РГ «Спорт»']	3.0		0	male
128	Ахмеджанова Маргарита	2014-11-26 00:02:00	2014-11-26 00:02:00			0					4	4	[4]	1	3.2	3.2																			0	female
129	Бекбулатов Рамзан Ломалиевич	2014-11-26 00:02:00	2017-10-08 21:44:00	105.0	2014-11-27 23:20:00	1	4.0	7.0	[4, 5, 6, 7]	4.0	4	7	[4, 5, 6, 7]	4	3.2	6.2				3	4	5	6					4.0	6.0	[4, 5, 6]	3.0	['Второй представитель в Студсовете МГУ', 'Первый представитель в Студсовете МГУ', 'Координатор РГ «Оповещение»', 'Заместитель председателя', 'Председатель']	5.0	2018-12-14	1	male
130	Савин Павел Андреевич	2014-11-26 00:02:00	2017-10-08 21:44:00	106.0	2014-11-27 23:20:00	1	4.0	7.0	[4, 5, 7]	3.0	4	7	[4, 5, 6, 7]	4	3.2	6.2				3	4		6					4.0	5.0	[4, 5]	2.0	['Секретарь', 'Координатор РГ «Образование»']	2.0	2018-12-14	1	male
131	Семенюк Павел Игоревич	2015-10-13 00:56:00	2016-10-26 22:45:00	108.0	2015-10-14 22:05:00	1	5.0	6.0	[5, 6]	2.0	5	6	[5, 6]	2	3.1	4.1					3	4						5.0	6.0	[5, 6]	2.0	['Первый заместитель представителей в Студсовете МГУ', 'Координатор РГ «Спорт»']	2.0		0	male
132	Коллерова Светлана Эдуардовна	2015-10-14 00:32:00	2015-10-14 00:32:00			0					5	5	[5]	1	2.3	2.3																			0	female
133	Плотников Вадим Юрьевич	2015-10-14 00:32:00	2015-10-14 00:32:00	110.0	2015-10-14 22:39:00	1	5.0	5.0	[5]	1.0	5	5	[5]	1	2.1	2.1					2														0	male
134	Ильясова Алина Олжасовна	2015-10-15 00:59:00	2015-10-15 00:59:00			0					5	5	[5]	1	2.2	2.2																			0	female
135	Кравчук Никита Валерьевич	2015-10-15 00:59:00	2016-10-20 00:58:00	113.0	2015-10-15 23:47:00	1	5.0	6.0	[5, 6]	2.0	5	6	[5, 6]	2	2.2	3.2					2	3													0	male
136	Понфиленко Анастасия Николаевна	2015-10-15 01:19:00	2015-10-15 01:19:00	112.0	2015-10-15 22:47:00	1	5.0	5.0	[5]	1.0	5	5	[5]	1	4.1	4.1					4														0	female
137	Ронжин Дмитрий Владимирович	2015-10-20 00:45:00	2015-10-20 00:45:00	118.0	2015-10-20 21:47:00	1	5.0	5.0	[5]	1.0	5	5	[5]	1	m2	m2					m2														0	male
138	Проничкин Юрий Викторович	2015-10-20 00:50:00	2016-10-17 23:11:00	114.0	2015-10-20 21:00:00	1	5.0	6.0	[5, 6]	2.0	5	6	[5, 6]	2	1.2	2.2					1	2													0	male
139	Бун-Ян-Тун Владислав Владимирович	2015-10-20 01:14:00	2016-10-18 00:04:00	115.0	2015-10-20 21:34:00	1	5.0	6.0	[5, 6]	2.0	5	6	[5, 6]	2	1.3	2.3					1	2													0	male
140	Гулин Никита Викторович	2015-10-20 01:14:00	2015-10-20 01:14:00	116.0	2015-10-20 21:34:00	1	5.0	5.0	[5]	1.0	5	5	[5]	1	1.3	1.3					1														0	male
141	Матюнин Виталий Владиславович	2015-10-20 01:14:00	2015-10-20 01:14:00			0					5	5	[5]	1	1.3	1.3																			0	male
142	Сергейчик Руслан Валерьевич	2015-10-20 01:14:00	2015-10-20 01:14:00	117.0	2015-10-20 21:34:00	1	5.0	5.0	[5]	1.0	5	5	[5]	1	1.3	1.3					1														0	male
143	Шигаев Иван Андреевич	2015-10-20 01:14:00	2015-10-20 01:14:00			0					5	5	[5]	1	1.3	1.3																			0	male
144	Мотовилина Анна Олеговна	2015-10-20 01:24:00	2015-10-20 01:24:00	119.0	2015-10-21 21:40:00	1	5.0	5.0	[5]	1.0	5	5	[5]	1	3.3	3.3					3														0	female
145	Провидухина Мария Игоревна	2015-10-20 01:24:00	2016-10-26 21:10:00	120.0	2015-10-21 21:40:00	1	5.0	6.0	[5, 6]	2.0	5	6	[5, 6]	2	3.3	4.3					3	4													0	female
146	Сакаев Роберт Марселевич	2015-10-20 01:24:00	2017-10-11 22:42:00	121.0	2015-10-21 21:40:00	1	5.0	7.0	[5, 7]	2.0	5	7	[5, 6, 7]	3	3.3	5.3					3		5												0	male
147	Козлова Кира Александровна	2015-10-20 22:15:00	2015-10-20 22:15:00	122.0	2015-10-23 21:18:00	1	5.0	5.0	[5]	1.0	5	5	[5]	1	1.1	1.1					1														0	female
148	Лебедев Виталий Александрович	2015-10-20 22:15:00	2015-10-20 22:15:00			0					5	5	[5]	1	1.1	1.1																			0	male
149	Святкин Иван Леонидович	2015-10-20 22:15:00	2015-10-20 22:15:00	123.0	2015-10-23 21:18:00	1	5.0	5.0	[5]	1.0	5	5	[5]	1	1.1	1.1					1														0	male
150	Трошина Дарья Игоревна	2015-10-20 22:15:00	2016-10-20 00:07:00	124.0	2015-10-23 21:18:00	1	5.0	6.0	[5, 6]	2.0	5	6	[5, 6]	2	1.1	2.1					1	2													0	female
151	Александрина Марина Сергеевна	2015-10-25 23:50:00	2015-10-25 23:50:00			0					5	5	[5]	1	m1	m1																			0	female
152	Ким Нина Владимировна	2015-10-25 23:50:00	2015-10-25 23:50:00			0					5	5	[5]	1	m1	m1																			0	male
153	Базанов Иван Алексеевич	2015-10-29 23:09:00	2015-10-29 23:09:00	125.0	2015-10-30 23:50:00	1	5.0	5.0	[5]	1.0	5	5	[5]	1	5.2	5.2					5														0	male
154	Милютин Эдуард Сергеевич	2015-10-29 23:09:00	2015-10-29 23:09:00	126.0	2015-10-30 23:50:00	1	5.0	5.0	[5]	1.0	5	5	[5]	1	5.2	5.2					5														0	male
155	Корж Даниил Сергеевич	2016-10-13 23:10:00	2019-10-23 06:02:00	127.0	2016-10-15 18:40:00	1	6.0	8.0	[6, 7, 8]	3.0	6	9	[6, 7, 8, 9]	4	1.3	3.3						1	2	2				6.0	8.0	[6, 7, 8]	3.0	['Второй заместитель представителей в Студсовете МГУ', 'Координатор РГ «Бытовые вопросы»']	2.0		0	male
156	Кудрявцев Сергей Сергеевич	2016-10-13 23:10:00	2016-10-13 23:10:00			0					6	6	[6]	1	1.3	1.3																			0	male
157	Поликушин Владимир Николаевич	2016-10-13 23:10:00	2016-10-13 23:10:00	128.0	2016-10-15 18:40:00	1	6.0	6.0	[6]	1.0	6	6	[6]	1	1.3	1.3						1													0	male
158	Титов Максим Сергеевич	2016-10-13 23:10:00	2016-10-13 23:10:00			0					6	6	[6]	1	1.3	1.3																			0	male
159	Штерн Анастасия Георгиевна	2016-10-13 23:10:00	2016-10-13 23:10:00	129.0	2016-10-15 18:40:00	1	6.0	6.0	[6]	1.0	6	6	[6]	1	1.3	1.3						1													0	female
160	Батутина Мария Алексеевна	2016-10-14 22:25:00	2017-10-24 23:07:00	130.0	2016-10-15 18:45:00	1	6.0	7.0	[6, 7]	2.0	6	7	[6, 7]	2	1.2	2.2						1	2												0	female
161	Зарубин Николай Александрович	2016-10-14 22:25:00	2017-10-24 23:07:00	131.0	2016-10-15 18:45:00	1	6.0	7.0	[6, 7]	2.0	6	7	[6, 7]	2	1.2	2.2						1	2												0	male
162	Исмагилов Алексей Альбертович	2016-10-14 22:25:00	2016-10-14 22:25:00	132.0	2016-10-15 18:45:00	1	6.0	6.0	[6]	1.0	6	6	[6]	1	1.2	1.2						1													0	male
163	Новицкая Екатерина Алексеевна	2016-10-14 22:25:00	2016-10-14 22:25:00			0					6	6	[6]	1	1.2	1.2																			0	female
164	Тесля Артём Евгеньевич	2016-10-16 20:13:00	2016-10-16 20:13:00	133.0	2016-10-18 21:37:00	1	6.0	6.0	[6]	1.0	6	6	[6]	1	5.4	5.4						5													0	male
165	Зарков Андрей Андреевич	2016-10-17 23:11:00	2016-10-17 23:11:00	138.0	2016-10-20 17:30:00	1	6.0	6.0	[6]	1.0	6	6	[6]	1	2.2	2.2						2													0	male
166	Малахов Николай Сергеевич	2016-10-17 23:11:00	2020-10-26 21:15:00	139.0	2016-10-20 17:30:00	1	6.0	10.0	[6, 7, 8, 9, 10]	5.0	6	10	[6, 7, 8, 9, 10]	5	2.2	6.1						2	3	4	5	6		7.0	9.0	[7, 8, 9]	3.0	['Второй заместитель представителей в Студсовете МГУ', 'Первый заместитель представителей в Студсовете МГУ', 'Координатор РГ «Спорт»']	3.0		0	male
167	Ураева Дженнет Бяшимовна	2016-10-17 23:11:00	2016-10-17 23:11:00			0					6	6	[6]	1	2.2	2.2																			0	female
168	Чебунина Татьяна Александровна	2016-10-17 23:11:00	2016-10-17 23:11:00	140.0	2016-10-20 17:30:00	1	6.0	6.0	[6]	1.0	6	6	[6]	1	2.2	2.2						2													0	female
169	Щербаков Владимир Леонидович	2016-10-17 23:11:00	2016-10-17 23:11:00			0					6	6	[6]	1	2.2	2.2																			0	male
170	Назмутдинов Аскар Флоридович	2016-10-18 00:01:00	2016-10-18 00:01:00	137.0	2016-10-19 00:09:00	1	6.0	6.0	[6]	1.0	6	6	[6]	1	5.2	5.2						5													0	male
171	Саакян Вильям Рустамович	2016-10-18 00:18:00	2016-10-18 00:18:00	134.0	2016-10-18 23:24:00	1	6.0	6.0	[6]	1.0	6	6	[6]	1	5.1	5.1						5						6.0	6.0	[6]	1.0	['Координатор РГ «Оповещение»']	1.0		0	male
172	Чаплыгина Елизавета Алексеевна	2016-10-18 00:18:00	2016-10-18 00:18:00	135.0	2016-10-18 23:24:00	1	6.0	6.0	[6]	1.0	6	6	[6]	1	5.1	5.1						5													0	female
173	Украинский Дмитрий Владимирович	2016-10-18 01:27:00	2016-10-18 01:27:00	136.0	2016-10-18 23:39:00	1	6.0	6.0	[6]	1.0	6	6	[6]	1	m2	m2						m2													0	male
174	Пилюгина Софья Кирилловна	2016-10-19 01:09:00	2016-10-19 01:09:00	141.0	2016-10-20 17:48:00	1	6.0	6.0	[6]	1.0	6	6	[6]	1	3.3	3.3						3													0	female
175	Сенотов Валерий Дмитриевич	2016-10-19 01:09:00	2019-10-14 23:46:00	142.0	2016-10-20 17:48:00	1	6.0	9.0	[6, 7, 8, 9]	4.0	6	9	[6, 7, 8, 9]	4	3.3	6.3						3	4	5	6			7.0	8.0	[7, 8]	2.0	['Первый представитель в Студсовете МГУ', 'Первый заместитель представителей в Студсовете МГУ', 'Координатор РГ «Оповещение»', 'Заместитель председателя', 'Председатель']	5.0	2020-11-14	1	male
176	Третьяков Артём Алексеевич	2016-10-19 01:09:00	2017-10-11 23:05:00			0					6	7	[6, 7]	2	3.3	4.3																			0	male
177	Воробьёва Наталья Дмитриевна	2016-10-20 00:07:00	2017-10-24 23:26:00	144.0	2016-10-20 18:32:00	1	6.0	7.0	[6, 7]	2.0	6	7	[6, 7]	2	2.1	3.1						2	3					7.0	7.0	[7]	1.0	['Координатор РГ «Образование»']	1.0		0	female
178	Гигин Иван Сергеевич	2016-10-20 00:07:00	2017-10-24 23:26:00	145.0	2016-10-20 18:32:00	1	6.0	7.0	[6, 7]	2.0	6	7	[6, 7]	2	2.1	3.1						2	3					7.0	7.0	[7]	1.0	['Координатор РГ «Праздники»']	1.0		0	male
179	Захахатнов Дмитрий Денисович	2016-10-20 00:58:00	2016-10-20 00:58:00	143.0	2016-10-20 18:24:00	1	6.0	6.0	[6]	1.0	6	6	[6]	1	3.2	3.2						3													0	male
180	Никулин Михаил Александрович	2016-10-20 23:08:00	2016-10-20 23:08:00	146.0	2016-10-21 16:30:00	1	6.0	6.0	[6]	1.0	6	6	[6]	1	4.2	4.2						4													0	male
181	Кремер Алексей Денисович	2016-10-23 20:02:00	2016-10-23 20:02:00	148.0	2016-10-24 20:34:00	1	6.0	6.0	[6]	1.0	6	6	[6]	1	1.1	1.1						1													0	male
182	Мазитова Вероника Рустэмовна	2016-10-23 20:02:00	2021-10-16 10:25:00	149.0	2016-10-24 20:34:00	1	6.0	11.0	[6, 7, 8, 9, 10, 11]	6.0	6	11	[6, 7, 8, 9, 10, 11]	6	1.1	6.1						1	2	3	4	5	6								0	female
183	Хан Татьяна Григорьевна	2016-10-23 20:02:00	2016-10-23 20:02:00	150.0	2016-10-24 20:34:00	1	6.0	6.0	[6]	1.0	6	6	[6]	1	1.1	1.1						1													0	female
184	Московский Борис Игоревич	2016-10-23 20:18:00	2016-10-23 20:18:00	147.0	2016-10-24 20:26:00	1	6.0	6.0	[6]	1.0	6	6	[6]	1	m1	m1						m1													0	male
185	Дмитриев Илларион Александрович	2016-10-24 22:34:00	2016-10-24 22:34:00	151.0	2016-10-31 20:50:00	1	6.0	6.0	[6]	1.0	6	6	[6]	1	3.1	3.1						3													0	male
186	Мищенко Алексей Викторович	2016-10-26 21:10:00	2016-10-26 21:10:00	154.0	2016-10-31 21:45:00	1	6.0	6.0	[6]	1.0	6	6	[6]	1	4.3	4.3						4													0	male
187	Татаринцева Мария Валерьевна	2016-10-26 21:10:00	2017-10-11 22:42:00	155.0	2016-10-31 21:45:00	1	6.0	7.0	[6, 7]	2.0	6	7	[6, 7]	2	4.3	5.3						4	5												0	female
188	Авилова Екатерина Михайловна	2016-10-26 22:45:00	2016-10-26 22:45:00	156.0	2016-10-31 23:50:00	1	6.0	6.0	[6]	1.0	6	6	[6]	1	4.1	4.1						4						6.0	6.0	[6]	1.0	['Координатор РГ «Бытовые вопросы»']	1.0		0	female
189	Садова Карина Александровна	2016-10-26 22:45:00	2016-10-26 22:45:00	157.0	2016-10-31 23:50:00	1	6.0	6.0	[6]	1.0	6	6	[6]	1	4.1	4.1						4													0	female
190	Тонконогов Александр Владиславович	2016-10-26 22:45:00	2018-10-18 23:17:00	158.0	2016-10-31 23:50:00	1	6.0	8.0	[6, 7, 8]	3.0	6	8	[6, 7, 8]	3	4.1	6.1						4	5	6				6.0	8.0	[6, 7, 8]	3.0	['Первый заместитель представителей в Студсовете МГУ', 'Первый представитель в Студсовете МГУ', 'Председатель', 'Координатор РГ «Работа с партнёрами»']	4.0		0	male
191	Рогачёв Александр Викторович	2016-10-26 23:07:00	2017-10-08 22:17:00	153.0	2016-10-31 21:05:00	1	6.0	7.0	[6, 7]	2.0	6	7	[6, 7]	2	5.3	6.3						5	6												0	male
192	Коновалов Дмитрий Игоревич	2017-10-09 23:13:00	2017-10-09 23:13:00	159.0	2017-10-19 20:00:00	1	7.0	7.0	[7]	1.0	7	7	[7]	1	5.2	5.2							5												0	male
193	Порфирьева Наталия Алексеевна	2017-10-10 22:44:00	2017-10-10 22:44:00	160.0	2017-10-20 19:00:00	1	7.0	7.0	[7]	1.0	7	7	[7]	1	4.2	4.2							4												0	female
194	Малания Георгий Муртазович	2017-10-11 23:05:00	2017-10-11 23:05:00	161.0	2017-10-20 20:00:00	1	7.0	7.0	[7]	1.0	7	7	[7]	1	4.3	4.3							4												0	male
195	Жуковский Никита Алексеевич	2017-10-16 22:54:00	2017-10-16 22:54:00	162.0	2017-10-24 17:30:00	1	7.0	7.0	[7]	1.0	7	7	[7]	1	4.1	4.1							4												0	male
196	Волкова Дарья Александровна	2017-10-23 23:55:00	2017-10-23 23:55:00	163.0	2017-10-24 23:50:00	1	7.0	7.0	[7]	1.0	7	7	[7]	1	3.3	3.3							3												0	female
197	Кудасов Матвей Джамалханович	2017-10-23 23:55:00	2018-10-18 21:37:00	164.0	2017-10-24 23:50:00	1	7.0	8.0	[7, 8]	2.0	7	8	[7, 8]	2	3.3	4.3							3	4				7.0	7.0	[7]	1.0	['Секретарь']	1.0		0	male
198	Фиткович Валерия Владимировна	2017-10-24 23:07:00	2020-10-29 10:08:00	165.0	2017-10-25 22:24:00	1	7.0	10.0	[7, 8, 9, 10]	4.0	7	10	[7, 8, 9, 10]	4	2.2	5.1							2	3	4	5									0	female
199	Бузенков Олег Игоревич	2017-10-26 23:23:00	2018-10-23 00:03:00	166.0	2017-10-27 22:00:00	1	7.0	8.0	[7, 8]	2.0	7	8	[7, 8]	2	1.1	2.1							1	2											0	male
200	Гусейнов Сэймур Элданизович	2017-10-26 23:23:00	2018-10-23 00:03:00			0					7	8	[7, 8]	2	1.1	2.1																			0	male
201	Кухарчук Иван Андреевич	2017-10-26 23:23:00	2020-11-01 21:54:00	167.0	2017-10-27 22:00:00	1	7.0	10.0	[7, 8, 9, 10]	4.0	7	10	[7, 8, 9, 10]	4	1.1	4.1							1	2	3	4		8.0	10.0	[8, 9, 10]	3.0	['Второй представитель в Студсовете МГУ', 'Координатор РГ «Распределение стипендий»', 'Первый заместитель представителей в Студсовете МГУ', 'Координатор РГ «Образование»']	4.0		0	male
202	Малиновский Георгий Андреевич	2017-10-26 23:23:00	2021-10-04 10:47:00	168.0	2017-10-27 22:00:00	1	7.0	11.0	[7, 8, 9, 10, 11]	5.0	7	11	[7, 8, 9, 10, 11]	5	1.1	5.4							1	2	3	4	5	8.0	11.0	[8, 9, 10, 11]	4.0	['Секретарь', 'Координатор РГ «Оповещение»', 'Председатель']	3.0		0	male
203	Салимгереев Махач Арсенович	2017-10-26 23:23:00	2017-10-26 23:23:00			0					7	7	[7]	1	1.1	1.1																			0	male
204	Вихорева Надежда Дмитриевна	2017-10-26 23:32:00	2019-10-17 23:56:00	169.0	2017-10-27 22:30:00	1	7.0	9.0	[7, 8, 9]	3.0	7	9	[7, 8, 9]	3	2.3	4.3							2	3	4			8.0	8.0	[8]	1.0	['Координатор РГ «Праздники»']	1.0		0	female
205	Федотов Константин Алексеевич	2017-10-26 23:32:00	2017-10-26 23:32:00	170.0	2017-10-27 22:30:00	1	7.0	7.0	[7]	1.0	7	7	[7]	1	2.3	2.3							2												0	male
206	Филатов Кирилл Андреевич	2017-10-26 23:32:00	2017-10-26 23:32:00	171.0	2017-10-27 22:30:00	1	7.0	7.0	[7]	1.0	7	7	[7]	1	2.3	2.3							2												0	male
207	Хахова Мария Алексеевна	2017-10-29 23:30:00	2020-10-28 12:00:00	173.0	2017-11-01 20:00:00	1	7.0	10.0	[7, 8, 9, 10]	4.0	7	10	[7, 8, 9, 10]	4	2.1	5.4							2	3	4	5		8.0	8.0	[8]	1.0	['Заместитель председателя']	1.0		0	female
208	Митрофанов Дмитрий Георгиевич	2017-10-30 23:18:00	2018-10-23 23:19:00	172.0	2017-10-31 19:55:00	1	7.0	8.0	[7, 8]	2.0	7	8	[7, 8]	2	1.3	2.3							1	2											0	male
209	Алиев Рамиль Камиль Оглы	2018-10-12 21:45:00	2018-10-12 21:45:00	174.0	2018-10-14 21:00:00	1	8.0	8.0	[8]	1.0	8	8	[8]	1	1.2	1.2								1											0	male
210	Логинова Ирина Игоревна	2018-10-12 21:45:00	2018-10-12 21:45:00			0					8	8	[8]	1	1.2	1.2																			0	female
211	Сиухина Арина Алексеевна	2018-10-12 21:45:00	2020-11-03 12:00:00	195.0	2019-10-27 23:09:00	1	9.0	10.0	[9, 10]	2.0	8	10	[8, 9, 10]	3	1.2	3.4									2	3									0	female
212	Устинов Никита Евгеньевич	2018-10-12 21:45:00	2020-11-02 21:26:00	175.0	2018-10-14 21:00:00	1	8.0	10.0	[8, 10]	2.0	8	10	[8, 10]	2	1.2	3.2								1		3									0	male
213	Шерстобитов Андрей Сергеевич	2018-10-12 21:45:00	2018-10-12 21:45:00	176.0	2018-10-14 21:00:00	1	8.0	8.0	[8]	1.0	8	8	[8]	1	1.2	1.2								1											0	male
214	Ефимкина Арина Вячеславовна	2018-10-16 21:30:00	2018-10-16 21:30:00	183.0	2018-11-02 22:33:00	1	8.0	8.0	[8]	1.0	8	8	[8]	1	m1	m1								m1											0	female
215	Скурихин Дмитрий Андреевич	2018-10-23 00:00:00	2020-11-02 21:26:00	177.0	2018-10-26 17:00:00	1	8.0	10.0	[8, 9, 10]	3.0	8	10	[8, 9, 10]	3	1.1	3.2								1	2	3		10.0	10.0	[10]	1.0	['Второй заместитель представителей в Студсовете МГУ']	1.0		0	male
216	Фенелонов Даниил Игоревич	2018-10-23 00:00:00	2020-11-02 21:26:00	178.0	2018-10-26 17:00:00	1	8.0	9.0	[8, 9]	2.0	8	10	[8, 9, 10]	3	1.1	3.2								1	2			9.0	9.0	[9]	1.0	['Заместитель председателя', 'Координатор РГ «Бытовые вопросы»']	2.0		0	male
217	Яцык Яна Максимовна	2018-10-23 00:03:00	2018-10-23 00:03:00			0					8	8	[8]	1	2.1	2.1																			0	female
218	Клюев Андрей Игоревич	2018-10-23 23:19:00	2021-10-05 10:35:00	179.0	2018-10-27 12:00:00	1	8.0	11.0	[8, 9, 10, 11]	4.0	8	11	[8, 9, 10, 11]	4	2.3	5.3								2	3	4	5	9.0	10.0	[9, 10]	2.0	['Первый представитель в Студсовете МГУ', 'Председатель', 'Представитель в Учёном совете мехмата']	3.0		0	male
219	Артамонов Сергей Александрович	2018-10-23 23:38:00	2018-10-23 23:38:00	180.0	2018-10-27 14:00:00	1	8.0	8.0	[8]	1.0	8	8	[8]	1	1.3	1.3								1											0	male
220	Винокурова Алина Валерьевна	2018-10-23 23:38:00	2020-11-03 23:17:00	181.0	2018-10-27 14:00:00	1	8.0	10.0	[8, 9, 10]	3.0	8	10	[8, 9, 10]	3	1.3	3.3								1	2	3									0	female
221	Перфильева Нелли Андреевна	2018-10-23 23:38:00	2018-10-23 23:38:00			0					8	8	[8]	1	1.3	1.3																			0	female
222	Сперанский Александр Сергеевич	2018-10-23 23:38:00	2018-10-23 23:38:00			0					8	8	[8]	1	1.3	1.3																			0	male
223	Шишкин Игнат Владимирович	2018-10-24 23:59:00	2019-10-25 00:21:00	182.0	2018-10-27 14:00:00	1	8.0	9.0	[8, 9]	2.0	8	9	[8, 9]	2	1.3	2.3								1	2										0	male
224	Антонов Иван Андреевич	2018-10-25 00:10:00	2018-10-25 00:10:00	184.0	2018-11-12 22:56:00	1	8.0	8.0	[8]	1.0	8	8	[8]	1	3.2	3.2								3											0	male
225	Дементьев Фёдор Андреевич	2018-10-25 00:10:00	2018-10-25 00:10:00	185.0	2018-11-12 22:56:00	1	8.0	8.0	[8]	1.0	8	8	[8]	1	3.2	3.2								3											0	male
226	Панина Татьяна Андреевна	2018-11-15 00:02:00	2019-10-13 23:01:00	186.0	2018-11-15 20:20:00	1	8.0	9.0	[8, 9]	2.0	8	9	[8, 9]	2	4.2	5.2								4	5										0	female
227	Промыслов Платон Валерьевич	2018-11-15 00:02:00	2018-11-15 00:02:00	187.0	2018-11-15 20:20:00	1	8.0	8.0	[8]	1.0	8	8	[8]	1	4.2	4.2								4				8.0	8.0	[8]	1.0	['Координатор РГ «Образование»']	1.0		0	male
228	Фёдоров Константин Дмитриевич	2019-10-13 23:00:00	2019-10-13 23:00:00	207.0	2019-10-31 23:30:00	1	9.0	9.0	[9]	1.0	9	9	[9]	1	5.1	5.1									5										0	male
229	Колузанов Филипп Эдуардович	2019-10-15 22:59:00	2019-10-15 22:59:00	188.0	2019-10-25 21:46:00	1	9.0	9.0	[9]	1.0	9	9	[9]	1	3.2	3.2									3										0	male
230	Матвеев Даниил Михайлович	2019-10-20 22:58:00	2019-10-20 22:58:00	189.0	2019-10-27 22:00:00	1	9.0	9.0	[9]	1.0	9	9	[9]	1	3.4	3.4									3										0	male
231	Саметов Максим Алексеевич	2019-10-20 23:11:00	2020-11-01 21:54:00	204.0	2019-10-31 10:30:00	1	9.0	10.0	[9, 10]	2.0	9	10	[9, 10]	2	3.1	4.1									3	4		9.0	9.0	[9]	1.0	['Координатор РГ «Образование»']	1.0		0	male
232	Чулкова Ксения Павловна	2019-10-20 23:11:00	2019-10-20 23:11:00	205.0	2019-10-31 10:30:00	1	9.0	9.0	[9]	1.0	9	9	[9]	1	3.1	3.1									3										0	female
233	Дехнич Кирилл Андреевич	2019-10-22 01:10:00	2021-10-08 11:33:00	190.0	2019-10-27 22:30:00	1	9.0	11.0	[9, 10, 11]	3.0	9	11	[9, 10, 11]	3	1.2	3.4									1	2	3	10.0	11.0	[10, 11]	2.0	['Первый представитель в Студсовете МГУ', 'Заместитель председателя', 'Координатор РГ «Бытовые вопросы»']	3.0		0	male
234	Пушкарёва Анна Константиновна	2019-10-22 01:10:00	2020-11-04 20:50:00	191.0	2019-10-27 22:30:00	1	9.0	10.0	[9, 10]	2.0	9	10	[9, 10]	2	1.2	2.2									1	2									0	female
235	Аскарова Айжамал Шамшетдиновна	2019-10-22 01:46:00	2019-10-22 01:46:00	192.0	2019-10-27 22:40:00	1	9.0	9.0	[9]	1.0	9	9	[9]	1	m2	m2									m2										0	female
236	Евдокимова Софья Александровна	2019-10-23 06:02:00	2021-10-05 10:35:00	193.0	2019-10-27 22:50:00	1	9.0	11.0	[9, 10, 11]	3.0	9	11	[9, 10, 11]	3	3.3	5.3									3	4	5	9.0	10.0	[9, 10]	2.0	['Координатор РГ «Праздники»', 'Координатор РГ «Спорт»']	2.0		0	female
237	Третьяков Пётр Максимович	2019-10-23 06:02:00	2021-10-05 10:35:00	194.0	2019-10-27 22:50:00	1	9.0	11.0	[9, 10, 11]	3.0	9	11	[9, 10, 11]	3	3.3	5.3									3	4	5	9.0	11.0	[9, 10, 11]	3.0	['Второй представитель в Студсовете МГУ', 'Координатор РГ «Оповещение»', 'Представитель в Учёном совете мехмата']	3.0		0	male
238	Воронин Вадим Юрьевич	2019-10-23 23:30:00	2019-10-23 23:30:00			0					9	9	[9]	1	2.2	2.2																			0	male
239	Ладейщиков Евгений Александрович	2019-10-25 00:08:00	2019-10-25 00:08:00	197.0	2019-10-30 10:30:00	1	9.0	9.0	[9]	1.0	9	9	[9]	1	1.3	1.3									1										0	male
240	Лобанова Алёна Валерьевна	2019-10-25 00:08:00	2021-10-11 11:58:00	198.0	2019-10-30 10:30:00	1	9.0	11.0	[9, 11]	2.0	9	11	[9, 10, 11]	3	1.3	3.3									1		3								0	female
241	Окунев Фёдор Алексеевич	2019-10-25 00:08:00	2019-10-25 00:08:00			0					9	9	[9]	1	1.3	1.3																			0	male
242	Рябцев Леонид Владимирович	2019-10-25 00:08:00	2019-10-25 00:08:00	199.0	2019-10-30 10:30:00	1	9.0	9.0	[9]	1.0	9	9	[9]	1	1.3	1.3									1										0	male
243	Зайцева Анастасия Владимировна	2019-10-25 00:14:00	2020-11-05 20:45:00	200.0	2019-10-30 12:15:00	1	9.0	9.0	[9]	1.0	9	10	[9, 10]	2	1.1	2.1									1										0	female
244	Игин Александр Дмитриевич	2019-10-25 00:14:00	2019-10-25 00:14:00	201.0	2019-10-30 12:15:00	1	9.0	9.0	[9]	1.0	9	9	[9]	1	1.1	1.1									1										0	male
245	Рязанов Данила Сергеевич	2019-10-25 00:14:00	2019-10-25 00:14:00	202.0	2019-10-30 12:15:00	1	9.0	9.0	[9]	1.0	9	9	[9]	1	1.1	1.1									1										0	male
246	Тирешко Даниил Олегович	2019-10-25 00:14:00	2019-10-25 00:14:00	203.0	2019-10-30 12:15:00	1	9.0	9.0	[9]	1.0	9	9	[9]	1	1.1	1.1									1										0	male
247	Кулюсов Михаил Алексеевич	2019-10-25 00:21:00	2019-10-25 00:21:00			0					9	9	[9]	1	2.3	2.3																			0	male
248	Меньшикова Любовь Юрьевна	2019-10-25 00:21:00	2019-10-25 00:21:00	196.0	2019-10-30 08:40:00	1	9.0	9.0	[9]	1.0	9	9	[9]	1	2.3	2.3									2										0	female
249	Ревнивцев Андрей Николаевич	2019-10-25 00:21:00	2019-10-25 00:21:00			0					9	9	[9]	1	2.3	2.3																			0	male
250	Янкова Маргарита Михайловна	2019-10-27 21:50:00	2020-10-30 10:32:00	206.0	2019-10-31 11:00:00	1	9.0	10.0	[9, 10]	2.0	9	10	[9, 10]	2	m1	m2									m1	m2									0	female
251	Васильев Никита Евгеньевич	2019-10-29 23:30:00	2019-10-29 23:30:00	208.0	2019-11-01 00:00:00	1	9.0	9.0	[9]	1.0	9	9	[9]	1	2.2	2.2									2										0	male
252	Кузякина Светлана Олеговна	2019-10-29 23:30:00	2019-10-29 23:30:00	209.0	2019-11-01 00:00:00	1	9.0	9.0	[9]	1.0	9	9	[9]	1	2.2	2.2									2										0	female
253	Попова Анна Романовна	2019-10-29 23:30:00	2020-11-02 21:26:00	210.0	2019-11-01 00:00:00	1	9.0	10.0	[9, 10]	2.0	9	10	[9, 10]	2	2.2	3.2									2	3		9.0	9.0	[9]	1.0	['Секретарь']	1.0		0	female
254	Шишков Александр Александрович	2020-10-26 21:16:00	2020-10-26 21:16:00	211.0	2020-11-02 20:30:00	1	10.0	10.0	[10]	1.0	10	10	[10]	1	6.3	6.3										6		10.0	10.0	[10]	1.0	['Координатор РГ «Распределение стипендий»', 'Заместитель председателя']	2.0		0	male
255	Лобанова Анастасия Алексеевна	2020-10-29 10:08:00	2020-10-29 10:08:00	223.0	2020-11-11 10:04:00	1	10.0	10.0	[10]	1.0	10	10	[10]	1	5.1	5.1										5									0	female
256	Терехов Михаил Сергеевич	2020-10-29 10:08:00	2021-10-16 10:25:00	262.0	2021-10-21 15:44:00	1	11.0	11.0	[11]	1.0	10	11	[10, 11]	2	5.1	6.1											6								0	male
257	Мельникова Дарья Владимировна	2020-10-30 20:40:00	2021-10-04 10:47:00	212.0	2020-11-06 10:27:00	1	10.0	11.0	[10, 11]	2.0	10	11	[10, 11]	2	4.4	5.4										4	5	10.0	11.0	[10, 11]	2.0	['Секретарь']	1.0		0	female
258	Куслина Кристина Николаевна	2020-10-31 12:00:00	2020-10-31 12:00:00	220.0	2020-11-10 21:09:00	1	10.0	10.0	[10]	1.0	10	10	[10]	1	4.2	4.2										4									0	female
259	Пчельникова Елена Павловна	2020-10-31 12:00:00	2021-10-05 11:11:00	221.0	2020-11-10 21:09:00	1	10.0	11.0	[10, 11]	2.0	10	11	[10, 11]	2	4.2	5.2										4	5								0	female
260	Тузова Валерия Ивановна	2020-10-31 12:00:00	2020-10-31 12:00:00	222.0	2020-11-10 21:09:00	1	10.0	10.0	[10]	1.0	10	10	[10]	1	4.2	4.2										4									0	female
261	Сулейкин Аллан Олегович	2020-11-01 21:54:00	2020-11-01 21:54:00	213.0	2020-11-08 17:18:00	1	10.0	10.0	[10]	1.0	10	10	[10]	1	4.1	4.1										4		10.0	10.0	[10]	1.0	['Первый представитель в Студсовете МГУ']	1.0		0	male
262	Харламов Виктор Владимирович	2020-11-01 21:54:00	2020-11-01 21:54:00			0					10	10	[10]	1	4.1	4.1																			0	male
263	Кирюхина Алёна Андреевна	2020-11-03 12:00:00	2020-11-03 12:00:00	214.0	2020-11-09 12:06:00	1	10.0	10.0	[10]	1.0	10	10	[10]	1	3.4	3.4										3									0	female
264	Беляева Александра Андреевна	2020-11-03 22:33:00	2020-11-03 22:33:00			0					10	10	[10]	1	3.1	3.1																			0	female
265	Ковыршина Виктория Алексеевна	2020-11-03 22:33:00	2020-11-03 22:33:00	217.0	2020-11-09 21:57:00	1	10.0	10.0	[10]	1.0	10	10	[10]	1	3.1	3.1										3									0	female
266	Рахматуллаев Темурбек Анасбекович	2020-11-03 22:33:00	2020-11-03 22:33:00	218.0	2020-11-09 21:57:00	1	10.0	10.0	[10]	1.0	10	10	[10]	1	3.1	3.1										3									0	male
267	Фёдоров Лев Евгеньевич	2020-11-03 22:33:00	2020-11-03 22:33:00	219.0	2020-11-09 21:57:00	1	10.0	10.0	[10]	1.0	10	10	[10]	1	3.1	3.1										3									0	male
268	Блинов Алексей Игоревич	2020-11-03 23:17:00	2020-11-03 23:17:00			0					10	10	[10]	1	3.3	3.3																			0	male
269	Манахова Анастасия Николаевна	2020-11-03 23:17:00	2021-10-07 10:10:00	215.0	2020-11-09 18:19:00	1	10.0	11.0	[10, 11]	2.0	10	11	[10, 11]	2	3.3	4.3										3	4	10.0	11.0	[10, 11]	2.0	['Координатор РГ «Праздники»']	1.0		0	female
270	Шереметьев Владислав Валерьевич	2020-11-03 23:17:00	2021-10-07 10:10:00	216.0	2020-11-09 18:19:00	1	10.0	11.0	[10, 11]	2.0	10	11	[10, 11]	2	3.3	4.3										3	4								0	male
271	Чуб Вячеслав Валериевич	2020-11-04 20:50:00	2021-10-08 11:44:00	224.0	2020-11-11 13:03:00	1	10.0	11.0	[10, 11]	2.0	10	11	[10, 11]	2	2.2	3.2										2	3	10.0	11.0	[10, 11]	2.0	['Координатор РГ «Связи»', 'Представитель в Учёном совете мехмата']	2.0		0	male
272	Макаров Никита Михайлович	2020-11-04 22:02:00	2021-10-11 11:58:00	237.0	2020-11-12 21:28:00	1	10.0	11.0	[10, 11]	2.0	10	11	[10, 11]	2	2.3	3.3										2	3								0	male
273	Павликова Анна Игоревна	2020-11-04 22:02:00	2020-11-04 22:02:00	238.0	2020-11-12 21:28:00	1	10.0	10.0	[10]	1.0	10	10	[10]	1	2.3	2.3										2									0	female
274	Родионова Елизавета Алексеевна	2020-11-04 22:02:00	2020-11-04 22:02:00			0					10	10	[10]	1	2.3	2.3																			0	female
275	Шевченко Екатерина Романовна	2020-11-04 22:02:00	2021-10-11 11:58:00	239.0	2020-11-12 21:28:00	1	10.0	11.0	[10, 11]	2.0	10	11	[10, 11]	2	2.3	3.3										2	3	11.0	11.0	[11]	1.0	['Координатор РГ «Спорт»']	1.0		0	female
276	Зеленин Герман Евгеньевич	2020-11-05 20:45:00	2020-11-05 20:45:00	225.0	2020-11-11 16:03:00	1	10.0	10.0	[10]	1.0	10	10	[10]	1	2.1	2.1										2									0	male
277	Илизаров Год Эмануилович	2020-11-05 20:45:00	2020-11-05 20:45:00	226.0	2020-11-11 16:03:00	1	10.0	10.0	[10]	1.0	10	10	[10]	1	2.1	2.1										2									0	male
278	Лещенко Сергей Михайлович	2020-11-05 20:45:00	2020-11-05 20:45:00			0					10	10	[10]	1	2.1	2.1																			0	male
279	Пятина Анна Андреевна	2020-11-05 20:45:00	2020-11-05 20:45:00	227.0	2020-11-11 16:03:00	1	10.0	10.0	[10]	1.0	10	10	[10]	1	2.1	2.1										2									0	female
280	Хан Виктория Олеговна	2020-11-05 20:45:00	2020-11-05 20:45:00			0					10	10	[10]	1	2.1	2.1																			0	female
281	Верещагина Софья Вячеславовна	2020-11-06 12:00:00	2020-11-06 12:00:00			0					10	10	[10]	1	1.3	1.3																			0	female
282	Волкова Елизавета Васильевна	2020-11-06 12:00:00	2020-11-06 12:00:00	228.0	2020-11-11 19:03:00	1	10.0	10.0	[10]	1.0	10	10	[10]	1	1.3	1.3										1									0	female
283	Гаспарян Иосиф Жорович	2020-11-06 12:00:00	2021-10-13 11:21:00	245.0	2021-10-16 23:03:00	1	11.0	11.0	[11]	1.0	10	11	[10, 11]	2	1.3	2.3											2								0	male
284	Дементьева Анастасия Алексеевна	2020-11-06 12:00:00	2020-11-06 12:00:00			0					10	10	[10]	1	1.3	1.3																			0	female
285	Корченкина Дарья Владимировна	2020-11-06 12:00:00	2020-11-06 12:00:00			0					10	10	[10]	1	1.3	1.3																			0	female
286	Мишанин Олег Владиславович	2020-11-06 12:00:00	2020-11-06 12:00:00	229.0	2020-11-11 19:03:00	1	10.0	10.0	[10]	1.0	10	10	[10]	1	1.3	1.3										1									0	male
287	Перфильев Демид Артемович	2020-11-06 12:00:00	2020-11-06 12:00:00	230.0	2020-11-11 19:03:00	1	10.0	10.0	[10]	1.0	10	10	[10]	1	1.3	1.3										1									0	male
288	Захарычев Арсений Романович	2020-11-06 23:31:00	2020-11-06 23:31:00			0					10	10	[10]	1	1.2	1.2																			0	male
289	Ляпунов Александр Александрович	2020-11-06 23:31:00	2020-11-06 23:31:00	231.0	2020-11-11 22:02:00	1	10.0	10.0	[10]	1.0	10	10	[10]	1	1.2	1.2										1									0	male
290	Муджиков Владислав Джангарович	2020-11-06 23:31:00	2020-11-06 23:31:00	232.0	2020-11-11 22:02:00	1	10.0	10.0	[10]	1.0	10	10	[10]	1	1.2	1.2										1									0	male
291	Янушкевич Иван Михайлович	2020-11-06 23:31:00	2021-10-12 10:10:00	233.0	2020-11-11 22:02:00	1	10.0	11.0	[10, 11]	2.0	10	11	[10, 11]	2	1.2	2.5										1	2								0	male
292	Алёшечкина Екатерина Сергеевна	2020-11-07 12:00:00	2021-10-13 11:44:00	249.0	2021-10-17 20:02:00	1	11.0	11.0	[11]	1.0	10	11	[10, 11]	2	1.1	2.1											2	11.0	11.0	[11]	1.0	['Координатор РГ «Оповещение»']	1.0		0	female
293	Белугин Никита Романович	2020-11-07 12:00:00	2020-11-07 12:00:00			0					10	10	[10]	1	1.1	1.1																			0	male
294	Гордеев Никита Валерьевич	2020-11-07 12:00:00	2020-11-07 12:00:00			0					10	10	[10]	1	1.1	1.1																			0	male
295	Горшков Егор Дмитриевич	2020-11-07 12:00:00	2020-11-07 12:00:00	234.0	2020-11-12 16:03:00	1	10.0	10.0	[10]	1.0	10	10	[10]	1	1.1	1.1										1									0	male
296	Ковалева Ксения Станиславовна	2020-11-07 12:00:00	2020-11-07 12:00:00	235.0	2020-11-12 16:03:00	1	10.0	10.0	[10]	1.0	10	10	[10]	1	1.1	1.1										1									0	female
297	Орлов Даниил Ильич	2020-11-07 12:00:00	2020-11-07 12:00:00			0					10	10	[10]	1	1.1	1.1																			0	male
298	Приходко Макар Александрович	2020-11-07 12:00:00	2021-10-13 11:44:00	236.0	2020-11-12 16:03:00	1	10.0	11.0	[10, 11]	2.0	10	11	[10, 11]	2	1.1	2.1										1	2	11.0	11.0	[11]	1.0	['Координатор РГ «Бытовые вопросы»']	1.0		0	male
299	Водолеев Марк Дмитриевич	2021-10-08 11:23:00	2021-10-08 11:23:00			0					11	11	[11]	1	3.5	3.5																			0	male
300	Лоншаков Никита Артемович	2021-10-08 11:23:00	2021-10-08 11:23:00	241.0	2021-10-12 14:04:00	1	11.0	11.0	[11]	1.0	11	11	[11]	1	3.5	3.5											3	11.0	11.0	[11]	1.0	['Координатор РГ «Образование»']	1.0		0	male
301	Бабаджанова Елена Александровна	2021-10-08 11:33:00	2021-10-08 11:33:00	240.0	2021-10-12 13:04:00	1	11.0	11.0	[11]	1.0	11	11	[11]	1	3.4	3.4											3								0	female
302	Зенков Тимофей Владимирович	2021-10-08 11:44:00	2021-10-08 11:44:00	247.0	2021-10-17 15:35:00	1	11.0	11.0	[11]	1.0	11	11	[11]	1	3.2	3.2											3								0	male
303	Вербовская Дарья Иннокентьевна	2021-10-11 11:48:00	2021-10-11 11:48:00	256.0	2021-10-19 11:05:00	1	11.0	11.0	[11]	1.0	11	11	[11]	1	3.1	3.1											3								0	female
304	Витковский Андрей Владиславович	2021-10-11 11:48:00	2021-10-11 11:48:00	257.0	2021-10-19 11:05:00	1	11.0	11.0	[11]	1.0	11	11	[11]	1	3.1	3.1											3								0	male
305	Белан Андрей Владимирович	2021-10-12 10:40:00	2021-10-12 10:40:00	242.0	2021-10-16 19:05:00	1	11.0	11.0	[11]	1.0	11	11	[11]	1	2.2	2.2											2								0	male
306	Монина Дарья Ильинична	2021-10-12 10:40:00	2021-10-12 10:40:00	243.0	2021-10-16 19:05:00	1	11.0	11.0	[11]	1.0	11	11	[11]	1	2.2	2.2											2								0	female
307	Бароян Аида Гришевна	2021-10-13 11:21:00	2021-10-13 11:21:00	244.0	2021-10-16 23:03:00	1	11.0	11.0	[11]	1.0	11	11	[11]	1	2.3	2.3											2								0	female
308	Садовицкая Елизавета Петровна	2021-10-13 11:21:00	2021-10-13 11:21:00	246.0	2021-10-16 23:03:00	1	11.0	11.0	[11]	1.0	11	11	[11]	1	2.3	2.3											2								0	female
309	Агуреева Екатерина Сергеевна	2021-10-13 11:44:00	2021-10-13 11:44:00	248.0	2021-10-17 20:02:00	1	11.0	11.0	[11]	1.0	11	11	[11]	1	2.1	2.1											2								0	female
310	Абубакарова Лейла Арбиевна	2021-10-14 10:20:00	2021-10-14 10:20:00	258.0	2021-10-19 14:08:00	1	11.0	11.0	[11]	1.0	11	11	[11]	1	1.2	1.2											1								0	female
311	Алеев Дамиль Павлович	2021-10-15 10:44:00	2021-10-15 10:44:00	250.0	2021-10-17 21:05:00	1	11.0	11.0	[11]	1.0	11	11	[11]	1	1.3	1.3											1								0	male
312	Арефьева Варвара Ярославовна	2021-10-15 10:44:00	2021-10-15 10:44:00	251.0	2021-10-17 21:05:00	1	11.0	11.0	[11]	1.0	11	11	[11]	1	1.3	1.3											1								0	female
313	Заводян Михаил Игоревич	2021-10-15 10:44:00	2021-10-15 10:44:00	252.0	2021-10-17 21:05:00	1	11.0	11.0	[11]	1.0	11	11	[11]	1	1.3	1.3											1								0	male
314	Кадников Климентий Сергеевич	2021-10-15 11:11:00	2021-10-15 11:11:00	253.0	2021-10-17 22:02:00	1	11.0	11.0	[11]	1.0	11	11	[11]	1	1.1	1.1											1								0	male
315	Майданик Анна Кирилловна	2021-10-15 11:11:00	2021-10-15 11:11:00	254.0	2021-10-17 22:02:00	1	11.0	11.0	[11]	1.0	11	11	[11]	1	1.1	1.1											1								0	female
316	Уваров Андрей Михайлович	2021-10-15 11:11:00	2021-10-15 11:11:00	255.0	2021-10-17 22:02:00	1	11.0	11.0	[11]	1.0	11	11	[11]	1	1.1	1.1											1								0	male
317	Поликарпов Александр Валерьевич	2021-10-16 10:50:00	2021-10-16 10:50:00	263.0	2021-10-21 22:02:00	1	11.0	11.0	[11]	1.0	11	11	[11]	1	6.3	6.3											6								0	male
318	Каляев Тимур Джанбулатович	2021-10-16 11:20:00	2021-10-16 11:20:00	259.0	2021-10-20 20:21:00	1	11.0	11.0	[11]	1.0	11	11	[11]	1	m1	m1											m1								0	male
319	Маммагаджиев Руслан Гаджимагомедович	2021-10-16 11:20:00	2021-10-16 11:20:00	260.0	2021-10-20 20:21:00	1	11.0	11.0	[11]	1.0	11	11	[11]	1	m1	m1											m1								0	male
320	Третьякова Екатерина Алексеевна	2021-10-16 11:20:00	2021-10-16 11:20:00	261.0	2021-10-20 20:21:00	1	11.0	11.0	[11]	1.0	11	11	[11]	1	m1	m1											m1								0	female
